﻿Designator,Footprint,Quantity,Value,LCSC Part #
BT1,Battery,1,Battery,
"C1, C2, C5",0805,3,10uF,
C6,0603,1,1uF,
C9,0805,1,100nF,
"D1, D11, D12, D13, D14, D15, D2, D3, D37, D38, D39, D4, D40, D41, D5, D63, D64, D65, D66, D67, D89",Diode_SOD-123,21,D,
"D16, D17, D18, D19, D20, D21, D22, D23, D47, D48, D49, D50, D51, D52, D53, D54, D73, D74, D75, D76, D77, D78, D79, D80",LED_SK6812MINI,24,LED_SK6812MINI,C5149201
"J10, J4, J5, J6, J9",PinHeader_1x04_P2.54mm_Vertical,5,Conn_01x04_Socket,
L1,0805,1,2.2uH,
"R1, R3",0805,2,100k,
S1,SLW8645745ARAND,1,SLW-864574-5A-RA-N-D,
"SW1, SW11, SW12, SW13, SW14, SW15, SW2, SW21, SW22, SW23, SW24, SW25, SW3, SW31, SW32, SW33, SW34, SW35, SW4, SW41, SW5",Hotswap_Choc_V1V2_1.00u,21,SW_Push,
U1,D14,1,SN74AHCT125DR,
U3,MOUDLE23P-SMD-2.54-21X17.8MM.kicad_mod.kicad_sym,1,XIAO-HALF-HOLE-23P,
U5,VREG_V62_16624-01YE,1,TPS61202DRCR,
