﻿Designator,Footprint,Quantity,Value,LCSC Part #
BT2,Battery,1,Battery,
"C4, C5",G-21_MUR,2,10uF,
C6,CAP_CL10_SAM,1,1uF,
"D43, D44, D45, D46, D47, D48, D49, D50, D51, D52, D53, D54, D55, D56, D57, D58, D59, D60, D61, D62, D63",Diode_SOD-123,21,D,
"D64, D65, D66, D67, D68, D69, D70, D71, D72, D73, D74, D75, D76, D77, D78, D79, D80, D81, D82, D83, D84",LED_SK6812MINI,21,LED_SK6812MINI,C5149201
J2,PinHeader_1x04_P2.54mm_Vertical,1,Conn_01x04_Socket,
"SW14, SW15, SW16, SW28, SW29, SW30, SW31, SW32, SW33, SW34, SW35, SW36, SW37, SW38, SW39, SW40, SW41, SW42, SW6, SW7, SW8",Hotswap_Choc_V1V2_1.00u,21,SW_Push,
U4,XIAO-ESP32-S3-SMD,1,XIAO-ESP32-S3-SMD,
U5,MSOP8_MC_MCH,1,MCP1253-33X50I/MS,
U6,D14,1,SN74AHCT125DR,
