﻿Designator,Footprint,Quantity,Value,LCSC Part #
BT3,Battery,1,Battery,
"C10, C8, C9",0805,3,10uF,
C5,0805,1,100nF,
C7,0603,1,1uF,
"D1, D10, D11, D12, D13, D17, D18, D19, D2, D20, D21, D22, D23, D24, D25, D26, D27, D3, D4, D5, D9",Diode_SOD-123,21,D,
"D14, D15, D16, D28, D29, D30, D31, D32, D33, D34, D35, D36, D37, D38, D39, D40, D41, D42, D6, D7, D8, D85, D86, D87",LED_SK6812MINI,24,LED_SK6812MINI,C5149201
"J1, J3, J4, J5, J6",PinHeader_1x04_P2.54mm_Vertical,5,Conn_01x04_Socket,
L1,0805,1,2.2uH,
"R1, R2",0805,2,100k,
S1,SLW8645745ARAND,1,SLW-864574-5A-RA-N-D,
"SW1, SW10, SW11, SW12, SW13, SW17, SW18, SW19, SW2, SW20, SW21, SW22, SW23, SW24, SW25, SW26, SW27, SW3, SW4, SW5, SW9",Hotswap_Choc_V1V2_1.00u,21,SW_Push,
U1,VREG_V62_16624-01YE,1,TPS61202DRCR,
U2,D14,1,SN74AHCT125DR,
U7,MOUDLE23P-SMD-2.54-21X17.8MM.kicad_mod.kicad_sym,1,XIAO-HALF-HOLE-23P,
